Crop,Disease,Symptoms,Severity
Rice,Blast,"spindle-shaped lesions, grey centers, brown borders, leaf drying",High
Rice,Bacterial Leaf Blight,"yellowing from leaf tip, wilt, bacterial ooze",High
Rice,Sheath Blight,"oval green-grey lesions, rotting sheath, lodging",High
Rice,Brown Spot,"brown circular spots, reduced tillering",Medium
Rice,Stem Borer,"deadheart, whitehead panicles",High
Rice,False Smut,green spore balls on grains,Medium
Rice,Tungro Virus,"stunted growth, orange-yellow leaves",High
Rice,Leaf Smut,"black streaks, velvety lesions",Low
Rice,Root Rot,"root browning, plant wilting",Medium
Wheat,Rust (Yellow),"yellow stripes, pustules on leaves",High
Wheat,Rust (Brown),"brown pustules, leaf drying",Medium
Wheat,Rust (Black),black elongated pustules on stems,High
Wheat,Blight,"dark lesions, shriveled grains",High
Wheat,Loose Smut,black powder replacing grains,High
Wheat,Root Rot,"reddish brown roots, stunted plants",Medium
Wheat,Aphid Attack,"curling leaves, honeydew, ants",Medium
Wheat,Leaf Spot,"brown spots, premature leaf drop",Low
Wheat,Downy Mildew,"yellow patches, white downy growth",Medium
Maize,Turcicum Leaf Blight,"large cigar-shaped lesions, leaf necrosis",High
Maize,Downy Mildew,"white fungal growth, chlorotic streaks",High
Maize,Rust,"small orange pustules, leaf drying",Medium
Maize,Charcoal Rot,"grey-black pith, plant breakage",High
Maize,Stalk Rot,"brown stalk, plant lodging",Medium
Maize,Leaf Spot,brown lesions with yellow halo,Low
Maize,Corn Borer,"holes in stem, frass, weak plants",High
Maize,Southern Leaf Blight,tan lesions with dark borders,Medium
Maize,Maize Mosaic Virus,"chlorotic mottling, stunting",High
Sugarcane,Red Rot,"reddish patches inside cane, sour smell, leaf yellowing",High
Sugarcane,Smut,"black whip-like structure, stunted growth",High
Sugarcane,Leaf Scald,"white narrow streaks, leaf drying, wilt",High
Sugarcane,Rust,"orange pustules on leaves, leaf drying",Medium
Sugarcane,Grassy Shoot Virus,"excess tillering, narrow yellow leaves",High
Sugarcane,Root Borer,"tunnels in root zone, weak canes",Medium
Sugarcane,Top Borer,"deadheart in young plants, holes in stalk",High
Cotton,Whitefly Infestation,"curling leaves, sticky honeydew, black sooty mold",High
Cotton,Bollworm,"holes in bolls, shedding square buds",High
Cotton,Leaf Curl Virus,"upward cupping leaves, stunted growth",High
Cotton,Root Rot,"sudden wilting, root browning",Medium
Cotton,Alternaria Leaf Spot,circular brown spots with concentric rings,Medium
Cotton,Anthracnose,dark sunken lesions on bolls,Medium
Cotton,Stem Weevil,"swollen stem, holes near nodes",Medium
Bajra (Millet),Downy Mildew,"yellowing leaves, white downy growth",High
Bajra,Blast,"brown lesions, leaf burning",Medium
Ragi,Leaf Spot,"brown pinhead lesions, leaf drying",Low
Ragi,Blight,large necrotic areas on leaves,Medium
Jowar,Shoot Fly,deadheart in seedlings,High
Jowar,Anthracnose,"dark leaf lesions, stem cankers",Medium
Pulses (Toor),Wilt,"yellowing, drooping leaves, brown xylem",High
Pulses (Toor),Pod Borer,"holes in pods, seed damage",High
Pulses (Moong),Leaf Spot,brown lesions with yellow halo,Medium
Pulses (Moong),Yellow Mosaic Virus,"bright yellow patches, stunted plants",High
Pulses (Urad),Stem Rot,"soft rotted stem, plant collapse",High
Pulses (Masoor),Rust,small pustules on leaves,Medium
Pulses (Chana),Blight,dark lesions on leaves and pods,High
Pulses (Chana),Aphid Attack,"leaf curling, sticky surface",Medium
Groundnut,Tikka Disease,"brown spots, leaf defoliation",Medium
Groundnut,Leaf Miner,white tunnels in leaves,Medium
Groundnut,Stem Rot,"white fungal growth, wilting",High
Mustard,Alternaria Blight,black circular spots on pods,High
Mustard,White Rust,white blister-like growth,Medium
Soybean,Yellow Mosaic Virus,"yellow mottling, reduced pods",High
Soybean,Rust,rust-coloured pustules on underside leaves,High
Sunflower,Downy Mildew,"white fungal growth, leaf curling",Medium
Sunflower,Head Rot,soft rot in flower head,High
Rice (Dhan),Blast (Jhonka),Spindle-shaped lesions on leaves; rotting neck node,High
Rice (Dhan),Sheath Blight,Water-soaked lesions on leaf sheaths; spread upward,Medium
Rice (Dhan),Brown Spot,Small brown circular spots; poor grain filling,Medium
Rice (Dhan),Bacterial Leaf Blight (BLB),Yellowing; leaf drying from tip,High
Rice (Dhan),False Smut,Greenish-yellow velvety balls on grains,Medium
Wheat (Gehun),Stripe Rust,Yellow-orange pustules in stripes,High
Wheat (Gehun),Karnal Bunt,Black powdery fungal grains,Medium
Wheat (Gehun),Loose Smut,Black spore mass replacing grains,High
Maize (Makka),Downy Mildew,White downy growth; stunting,High
Maize (Makka),Turcicum Leaf Blight,Long elliptical brown lesions,Medium
Maize (Makka),Corn Smut,Large fleshy galls on ears and stalks,Medium
Bajra (Bajra),Blast,Small leaf spots leading to drying,High
Bajra (Bajra),Ergot,Gummy exudates on ears; sclerotia replace grains,High
Bajra (Bajra),Downy Mildew,Yellowing; leaf shredding,Medium
Jowar (Sorghum),Grain Mold,Discolored moldy grains,Medium
Jowar (Sorghum),Anthracnose,Black circular leaf spots,Medium
Jowar (Sorghum),Smut,Black powdery galls replace grains,High
Barley,Yellow Rust,Yellow pustules on leaves,High
Barley,Net Blotch,Net-like brown lesions,Medium
Ragi (Finger Millet),Blast,Diamond-shaped lesions,High
Ragi (Finger Millet),Leaf Spot,Brown oval lesions,Medium
Sugarcane (Ganna),Red Rot,Red patches inside stems; sour smell,High
Sugarcane (Ganna),Smut,Whip-like black structure emerges,High
Sugarcane (Ganna),Wilt,Yellowing; dried canes,Medium
Cotton (Kapas),Bacterial Blight,Angular water-soaked spots; black veins,High
Cotton (Kapas),Leaf Curl Virus,Upward curling leaves; stunted growth,High
Cotton (Kapas),Root Rot,Seedling decay; brown roots,Medium
Groundnut (Mungphali),Tikka Leaf Spot,Red-brown spots with rings,Medium
Groundnut (Mungphali),Rust,Orange pustules below leaves,High
Groundnut (Mungphali),Root Knot Nematode,Root galls; stunted plants,Medium
Soybean,Rust,Brown powdery pustules,High
Soybean,Yellow Mosaic Virus,Yellow patches; reduced pods,High
Soybean,Anthracnose,Black stem lesions,Medium
Mustard (Sarson),White Rust,White pustules on leaves,Medium
Mustard (Sarson),Alternaria Blight,Concentric ring spots,High
Mustard (Sarson),Downy Mildew,White growth underside of leaves,Medium
Sunflower,Downy Mildew,White growth; dwarfing,High
Sunflower,Head Rot,Soft rotting of head,High
Sesame (Til),Phyllody,Leaves turn leaf-like flowers,High
Sesame (Til),Leaf Spot,Brown circular spots,Medium
Sesame (Til),Wilt,Sudden drooping; stem discoloration,High
Potato (Aloo),Late Blight,Dark water-soaked leaf spots with white mold underside,High
Potato (Aloo),Early Blight,Target-like concentric ring spots on leaves,Medium
Potato (Aloo),Black Scurf,Black hard fungal structures on tubers,Medium
Potato (Aloo),Bacterial Wilt,Wilting of entire plant; ooze from cut stem,High
Tomato (Tamatar),Early Blight,Dark concentric ring spots on lower leaves,Medium
Tomato (Tamatar),Late Blight,Dark lesions; white mold; fruit rot,High
Tomato (Tamatar),Leaf Curl Virus (TYLCV),Upward curling; stunted growth,High
Tomato (Tamatar),Septoria Leaf Spot,Small circular grey spots with dark border,Medium
Tomato (Tamatar),Bacterial Spot,Black water-soaked spots on leaves/fruit,Medium
Onion (Pyaaz),Purple Blotch,Purple oval lesions with yellow margins,Medium
Onion (Pyaaz),Downy Mildew,Pale patches with violet fuzzy growth,High
Onion (Pyaaz),Basal Rot,Yellowing; rotting at base,High
Garlic (Lehsun),Rust,Orange pustules on leaves,Medium
Garlic (Lehsun),White Rot,White fungal growth at bulb base,High
Bhindi (Okra),Yellow Vein Mosaic Virus (YVMV),Yellow veins; stunted growth,High
Bhindi (Okra),Powdery Mildew,White powder on leaves and stems,Medium
Bhindi (Okra),Fusarium Wilt,Yellowing and wilting,High
Baingan (Brinjal/Eggplant),Bacterial Wilt,Sudden wilting; brown vascular tissue,High
Baingan (Brinjal),Phomopsis Blight,Grey lesions on leaves and fruit,Medium
Baingan (Brinjal),Little Leaf (Phytoplasma),Small leaves; bushy growth,High
Cabbage (Patta Gobhi),Black Rot,V-shaped yellow lesions from leaf margin,High
Cabbage (Patta Gobhi),Downy Mildew,Yellow patches; white downy growth,Medium
Cabbage (Patta Gobhi),Club Root,Swollen distorted roots,High
Cauliflower (Phool Gobhi),Black Rot,Blackened veins; V-shaped spots,High
Cauliflower (Phool Gobhi),Alternaria Leaf Spot,Brown concentric ring spots,Medium
Carrot (Gajar),Alternaria Leaf Blight,Brown/black patches,Medium
Carrot (Gajar),Powdery Mildew,White powdery coating,Medium
Carrot (Gajar),Soft Rot,"Soft, watery decay of root",High
Cucumber (Kheera),Downy Mildew,Yellow angular lesions; grey underside,High
Cucumber (Kheera),Powdery Mildew,White powder on leaf surface,Medium
Cucumber (Kheera),Angular Leaf Spot,Water-soaked angular lesions,Medium
Bitter Gourd (Karela),Downy Mildew,Yellow leaf spots; fuzzy underside,Medium
Bitter Gourd (Karela),Powdery Mildew,White powder patches,Medium
Bitter Gourd (Karela),Mosaic Virus,Yellow-green mosaic pattern,High
Bottle Gourd (Lauki),Powdery Mildew,White powder on leaves,Medium
Bottle Gourd (Lauki),Downy Mildew,Yellow angular spots,Medium
Bottle Gourd (Lauki),Anthracnose,Brown sunken lesions on fruit,Medium
Pumpkin (Kaddu),Downy Mildew,Yellowing; white mold underside,Medium
Pumpkin (Kaddu),Anthracnose,Dark sunken spots on fruit,High
Pumpkin (Kaddu),Mosaic Virus,Green mosaic patches,High
Chilli (Mirchi),Leaf Curl Virus,Crinkled upward leaf curling,High
Chilli (Mirchi),Anthracnose,Fruit rot with black dots,High
Chilli (Mirchi),Damping Off,Seedling collapse,Medium
Capsicum (Shimla Mirch),Bacterial Spot,Small water-soaked leaf spots,Medium
Capsicum (Shimla Mirch),Powdery Mildew,White powdery patches,Medium
Capsicum (Shimla Mirch),Phytophthora Blight,Water-soaked stem lesions; fruit rot,High
Peas (Matar),Powdery Mildew,White coating on leaves,Medium
Peas (Matar),Rust,Orange pustules on leaves,Medium
Peas (Matar),Wilt,Yellowing; vascular browning,High
French Beans,Angular Leaf Spot,Angular necrotic spots,Medium
French Beans,Rust,Brown pustules,Medium
French Beans,Root Rot,Brown decayed roots,High
Spinach (Palak),Downy Mildew,Yellow leaf spots; violet underside,High
Spinach (Palak),Leaf Spot,Dark brown lesions,Medium
Spinach (Palak),Damping Off,Seedling rot,Medium
Methi (Fenugreek),Powdery Mildew,White powder on both leaf surfaces,Medium
Methi (Fenugreek),Root Rot,Stunted yellow plants,High
Coriander (Dhania),Stem Gall,Tumor-like growth on stems,High
Coriander (Dhania),Leaf Spot,Brown irregular spots,Medium
Mango (Aam),Powdery Mildew,White powder on panicles and young fruits,High
Mango (Aam),Anthracnose,Black spots on leaves/flowers; fruit rot,High
Mango (Aam),Dieback,Drying of twigs from tip; gum exudation,Medium
Banana (Kela),Panama Wilt (Fusarium),Yellowing and wilting; vascular browning,High
Banana (Kela),Sigatoka Leaf Spot,Elongated brown streaks; leaf drying,Medium
Banana (Kela),Bunchy Top Virus,Small erect leaves; stunted growth,High
Papaya (Papita),Papaya Ring Spot Virus,Ring-shaped spots on fruit; mosaic on leaves,High
Papaya (Papita),Anthracnose,Sunken dark spots on fruit,Medium
Papaya (Papita),Foot Rot,Collar rot; yellowing plants,High
Guava (Amrood),Wilt,Sudden yellowing & death of branches,High
Guava (Amrood),Anthracnose,Brown circular spots; fruit rot,Medium
Guava (Amrood),Fruit Fly,Small punctures; maggots inside fruit,High
Apple (Seb),Apple Scab,Olive-green velvety spots on leaves/fruit,High
Apple (Seb),Powdery Mildew,White powdery growth on young shoots,Medium
Apple (Seb),Fire Blight,Blackened twigs; 'shepherd's crook' bending,High
Citrus (Santara/ Mosambi),Canker,Raised corky brown lesions,High
Citrus (Santara),Greening (HLB),Yellow shoot; blotchy leaf mottle,High
Citrus (Santara),Black Spot,Dark raised spots on fruit,Medium
Grapes (Angoor),Downy Mildew,Yellow oil spots; white fuzzy underside,High
Grapes (Angoor),Powdery Mildew,White powder on berries/leaves,High
Grapes (Angoor),Anthracnose,Shot-hole lesions; cankers,Medium
Pomegranate (Anar),Bacterial Blight,Black spots; cracking fruits,High
Pomegranate (Anar),Fruit Rot,Soft rot inside fruit,Medium
Pomegranate (Anar),Wilt,Wilting and branch drying,High
Watermelon,Telfairia Mosaic Virus,Mottling; leaf distortion,High
Watermelon,Anthracnose,Dark lesions on leaves and fruits,Medium
Watermelon,Fusarium Wilt,Yellowing and wilting vines,High
Muskmelon (Kharbooja),Powdery Mildew,White dust-like coating,High
Muskmelon (Kharbooja),Downy Mildew,Yellow angular spots,High
Muskmelon (Kharbooja),Gummy Stem Blight,Brown stem lesions with gummy ooze,Medium
Strawberry,Leaf Spot,Small red-purple spots on leaves,Medium
Strawberry,Anthracnose,Circular sunken lesions on fruit,High
Strawberry,Root Rot,Rotten crown and roots,High
Litchi (Lychee),Fruit Crack,Fruit skin cracks due to humidity imbalance,Medium
Litchi,Leaf Blight,Brown patches on leaves,Medium
Litchi,Mite Infestation,Bronzed leaves; distorted tips,Medium
Peach (Aadoo),Leaf Curl,Thick curled leaves; reddish patches,High
Peach,Scab,Olive spots on fruit and twigs,Medium
Peach,Bacterial Spot,Water-soaked leaf spots; cracked fruit,Medium
Pear (Nashpati),Fire Blight,Black scorched shoots,High
Pear,Scab,Olive velvety spots,Medium
Pear,Rust,Orange rust spots on leaves,Medium
Cherry,Leaf Spot,Small purple spots,Medium
Cherry,Brown Rot,Brown rot on fruit; twig blight,High
Cherry,Canker,Sunken areas on branches,High
Jackfruit (Kathal),Fruit Rot,Rot at fruit base; foul smell,Medium
Jackfruit,Leaf Blight,Brown necrotic patches,Medium
Jackfruit,Stem Borer,Holes in trunk; sawdust-like frass,High
Coconut,Root Wilt,Yellowing; leaf droop,High
Coconut,Bud Rot,Rotting of central shoot,High
Coconut,Leaf Blight,Dark necrotic lesions,Medium
Arecanut,Yellow Leaf Disease,Yellowing of middle leaves,Medium
Arecanut,Foot Rot,Collar rot,High
Arecanut,Koleroga (Mahali),Rotting of nuts,High
Dragon Fruit,Stem Rot,Soft rot on stem edges,Medium
Dragon Fruit,Anthracnose,Sunken lesions on stem/fruit,Medium
Dragon Fruit,Bacterial Blight,Water-soaked dark patches,Medium
