﻿soil_moisture,temperature,humidity,rainfall,crop_type,soil_type,irrigation_required
30,35,45,0,Cotton,Sandy,32.5
55,28,70,5,Wheat,Clay,5.9
45,32,60,0,Tomato,Loamy,14.5
35,36,40,0,Brinjal,Sandy,18.2
60,28,70,5,Chilli,Clay,6.5
25,38,35,0,Watermelon,Sandy,38.5
50,30,65,0,Onion,Loamy,12.8
65,25,75,10,Potato,Clay,4.5
40,34,50,0,Okra,Loamy,16.5
70,22,80,5,Cabbage,Clay,3.2
55,24,65,2,Spinach,Loamy,5.5
60,23,70,0,Cauliflower,Clay,6.8
30,38,40,0,Mango,Red,25
65,30,75,10,Banana,Clay,32
45,32,60,0,Grape,Sandy,15.5
40,35,45,0,Pomegranate,Loamy,19
50,30,65,0,Guava,Loamy,11.5
35,34,55,0,Papaya,Sandy,28.8
55,28,70,5,Orange,Clay,9.5
52,29,68,2,Lemon,Loamy,10.2
45,34,55,0,Turmeric,Loamy,22.5
40,33,60,0,Ginger,Loamy,24
30,35,75,0,Coconut,Sandy,45
35,34,70,0,ArecaNut,Loamy,38.5
55,24,50,0,Mustard,Loamy,8.5
48,30,55,0,Sunflower,Black,12.5
68,29,75,10,Paddy,Clay,12
25,38,40,0,Sugarcane,Sandy,41
42,32,60,2,Maize,Loamy,18.8
48,30,65,0,Soybean,Clay,14.5
35,36,40,0,Jowar,Black,15.2
42,33,55,0,Tomato,Sandy,16.8
32,37,38,0,Brinjal,Loamy,15.5
58,29,72,8,Chilli,Loamy,5.2
22,40,30,0,Watermelon,Sandy,42
48,31,62,0,Onion,Clay,9.5
62,26,78,12,Potato,Loamy,3.1
38,35,48,0,Okra,Sandy,19.2
68,23,82,8,Cabbage,Loamy,2.8
52,25,68,3,Spinach,Clay,4.2
58,24,72,2,Cauliflower,Loamy,5.5
28,40,35,0,Mango,Loamy,22.5
62,31,78,15,Banana,Loamy,30.5
42,34,58,0,Grape,Loamy,13.8
38,36,42,0,Pomegranate,Sandy,21.5
48,31,62,0,Guava,Clay,9.8
32,36,50,0,Papaya,Loamy,26.5
52,30,68,3,Orange,Loamy,8.2
50,31,65,0,Lemon,Sandy,12.5
42,35,52,0,Turmeric,Black,21
38,32,58,0,Ginger,Sandy,25.5
28,36,72,0,Coconut,Loamy,42.5
32,33,68,0,ArecaNut,Clay,36
52,22,48,0,Mustard,Sandy,9.2
45,31,52,0,Sunflower,Loamy,13
28,38,35,0,Bajra,Sandy,11.5
50,28,65,0,Groundnut,Loamy,13.8
40,34,50,0,Tur,Black,16.5
55,25,60,2,Gram,Loamy,8.5
40,34,58,0,Tomato,Clay,11.5
30,38,36,0,Brinjal,Sandy,20.5
55,30,68,4,Chilli,Loamy,7.8
28,39,32,0,Watermelon,Loamy,35
45,32,60,0,Onion,Sandy,15.2
60,27,74,8,Potato,Clay,5.2
36,36,45,0,Okra,Black,14.5
66,24,78,6,Cabbage,Clay,3.8
50,26,64,1,Spinach,Loamy,6
55,25,68,3,Cauliflower,Clay,5.2
32,39,38,0,Mango,Red,24
60,32,74,8,Banana,Clay,33.5
40,33,56,0,Grape,Sandy,17
36,37,40,0,Pomegranate,Loamy,20.2
46,32,60,0,Guava,Loamy,12
30,37,48,0,Papaya,Sandy,30.2
50,29,66,4,Orange,Clay,10
48,30,64,1,Lemon,Loamy,11
48,33,50,2,Turmeric,Loamy,19.5
41,31,62,1,Ginger,Black,22
31,34,78,5,Coconut,Sandy,38
36,32,71,2,ArecaNut,Loamy,34.5
58,23,52,0,Mustard,Clay,7.5
50,29,58,0,Sunflower,Sandy,11.8
52,30,70,4,Wheat,Loamy,9.4
38,33,52,0,Cotton,Loamy,23.1
62,29,75,6,Maize,Clay,10.1
70,30,78,10,Paddy,Clay,11.6
31,36,48,0,Sugarcane,Sandy,37.1
48,31,62,2,Soybean,Clay,13.2
38,37,38,0,Jowar,Black,16
44,31,61,0,Tomato,Loamy,14.2
34,35,41,0,Brinjal,Sandy,18.5
59,27,71,6,Chilli,Clay,6.2
26,39,34,0,Watermelon,Sandy,39.2
49,29,66,0,Onion,Loamy,13
64,24,76,9,Potato,Clay,4.8
39,33,51,0,Okra,Loamy,16.8
69,21,81,4,Cabbage,Clay,3.5
54,23,66,2,Spinach,Loamy,5.8
59,22,71,0,Cauliflower,Clay,7
29,37,41,0,Mango,Red,25.5
64,29,76,9,Banana,Clay,31.5
44,31,61,0,Grape,Sandy,15.8
39,34,46,0,Pomegranate,Loamy,19.5
49,29,66,0,Guava,Loamy,11.8
34,33,56,0,Papaya,Sandy,29.2
54,27,71,5,Orange,Clay,9.8
51,28,69,2,Lemon,Loamy,10.5
43,36,53,0,Turmeric,Loamy,23.5
39,34,59,0,Ginger,Loamy,24.8
29,37,74,0,Coconut,Sandy,46.5
34,35,69,0,ArecaNut,Loamy,39
56,25,49,0,Mustard,Loamy,8.8
47,31,54,0,Sunflower,Black,12.8
30,39,32,0,Bajra,Sandy,10.8
52,29,68,0,Groundnut,Sandy,12.5
42,33,52,0,Tur,Loamy,15.8
58,24,65,5,Gram,Black,6.5
43,33,54,0,Tomato,Sandy,17.2
33,36,39,0,Brinjal,Loamy,15.8
57,28,73,7,Chilli,Loamy,5.5
23,40,31,0,Watermelon,Sandy,41.5
47,30,63,0,Onion,Clay,9.8
61,25,79,11,Potato,Loamy,3.5
37,36,47,0,Okra,Sandy,19.5
67,22,83,7,Cabbage,Loamy,3
51,24,69,3,Spinach,Clay,4.5
57,23,73,2,Cauliflower,Loamy,5.8
27,39,36,0,Mango,Loamy,23
61,30,79,14,Banana,Loamy,31
41,33,59,0,Grape,Loamy,14.2
37,35,43,0,Pomegranate,Sandy,22
47,30,63,0,Guava,Clay,10.2
31,35,51,0,Papaya,Loamy,27
51,29,69,3,Orange,Loamy,8.5
49,30,66,0,Lemon,Sandy,12.8
46,32,58,0,Soybean,Loamy,15
34,35,42,0,Jowar,Loamy,14.8
29,38,34,0,Bajra,Sandy,11
54,27,66,2,Groundnut,Loamy,11.8
44,32,55,0,Tur,Black,14.5
56,23,62,0,Gram,Loamy,9
44,35,56,0,Turmeric,Black,20.5
37,33,57,0,Ginger,Sandy,26
27,36,70,0,Coconut,Loamy,43.5
33,33,66,0,ArecaNut,Clay,37
53,21,47,0,Mustard,Sandy,9.5
46,30,53,0,Sunflower,Loamy,13.5
