Crop,Prevention
Rice,Cultural: Trim bunds to remove weeds. Bio: Release Trichogramma chilonis. Chem: Chlorantraniliprole for Dead Hearts.
Wheat,Cultural: Late sowing (Dec). Bio: Yellow sticky traps. Chem: Propiconazole spray for Rust.
Cotton,Cultural: Trap crop with Okra. Bio: Pheromone traps for Pink Bollworm. Chem: Spinetoram for sucking pests.
Sugarcane,Cultural: Detrashing lower leaves. Bio: Release Epiricania parasite. Chem: Chlorpyriphos for termites.
Maize,Cultural: Clean cultivation. Bio: Metarhizium fungus in whorls. Chem: Emamectin Benzoate spray.
Soybean,Cultural: Deep summer ploughing. Bio: Light traps. Chem: Thiamethoxam spray for stem fly.
Chickpea,Cultural: Intercrop with Coriander. Bio: Bird perches (T-shaped). Chem: Indoxacarb spray for Pod Borer.
Pigeonpeas (Tur),Cultural: Shake plants vigorously. Bio: Pheromone traps. Chem: Spinosad 45 SC.
Mungbean,Cultural: Remove weed hosts. Bio: Yellow Sticky Traps. Chem: Thiamethoxam spray.
Blackgram,Cultural: Resistant varieties (PU-31). Bio: Neem Oil 5%. Chem: Imidacloprid spray.
Groundnut,Cultural: Deep ploughing. Bio: Pheromone traps for Spodoptera. Chem: Imidacloprid seed treatment.
Mustard,Cultural: Early sowing (Oct). Bio: Conserve Ladybird Beetles. Chem: Dimethoate spray.
Tomato,Cultural: Stake plants. Bio: Marigold border rows. Chem: Indoxacarb spray.
Brinjal,Cultural: Clip wilting shoots. Bio: Pheromone traps for Borer. Chem: Spinosad spray.
Okra,Cultural: Remove Hibiscus weeds. Bio: Yellow Sticky Traps. Chem: Acetamiprid spray.
Chilli,Cultural: Raised bed planting. Bio: Blue Sticky Traps for Thrips. Chem: Fipronil spray.
Onion,Cultural: Crop rotation. Bio: Sprinkler irrigation. Chem: Profenofos spray.
Potato,Cultural: Earthing up. Bio: Pheromone traps in storage. Chem: Mancozeb spray.
Cabbage/Cauli,Cultural: Trap crop with Mustard. Bio: Bt powder spray. Chem: Chlorantraniliprole.
Bitter Gourd,Cultural: Pandal system. Bio: Cue-Lure traps. Chem: Spinosad spray.
Pumpkin,Cultural: Deep ploughing. Bio: Yellow sticky traps. Chem: Malathion dust.
Spinach,Cultural: Avoid dense sowing. Bio: Neem oil. Chem: Malathion spray.
Mango,Cultural: Pruning. Bio: Verticillium spray for Hoppers. Chem: Imidacloprid spray.
Banana,Cultural: Clean suckers. Bio: Inject Beauveria bassiana. Chem: Chlorpyriphos drench.
Pomegranate,Cultural: Bagging fruits. Bio: Release Trichogramma. Chem: Cyantraniliprole spray.
Grapes,Cultural: Remove loose bark. Bio: Cryptolaemus beetles. Chem: Buprofezin spray.
Apple,Cultural: Burn fallen leaves. Bio: Predatory mites. Chem: Mancozeb for Scab.
Citrus,Cultural: Prune water shoots. Bio: Tamarixia radiata. Chem: Abamectin spray.
Papaya,Cultural: Remove weeds. Bio: Australian Ladybird Beetle. Chem: Acephate spray.
Guava,Cultural: Orchard sanitation. Bio: Methyl Eugenol traps. Chem: Deltamethrin spray.
Custard Apple,Cultural: Pruning. Bio: Cryptolaemus beetles. Chem: Profenofos spray.
Turmeric,Cultural: Select healthy rhizomes. Bio: Pseudomonas fluorescens. Chem: Quinalphos drench.
Ginger,Cultural: Good drainage. Bio: Metarhizium fungus. Chem: Chlorpyriphos drench.
Garlic,Cultural: Crop rotation. Bio: Blue sticky traps. Chem: Fipronil spray.
Cumin,Cultural: Solarize soil. Bio: Trichoderma viride. Chem: Mancozeb spray.
Rose,Cultural: Avoid overhead watering. Bio: Neem Oil 5%. Chem: Imidacloprid drench.
Marigold,Cultural: Wide spacing. Bio: Trap crop for nematodes. Chem: Mancozeb spray.
